Parameter,Value
MSE,0.30824891461649784
MAE,0.15412445730824892
R-SQUARED,0.6887367639688109
RMSE,0.5552016882327518
ACCURACY,0.9229377713458755
