Parameter,Value
MSE,0.32127351664254705
MAE,0.16063675832127353
R-SQUARED,0.6753470688233019
RMSE,0.5668099475508056
ACCURACY,0.9196816208393632
